Fragment ID,Site 1,Site 2,Site 3,Site 4,All Sites
F1,FALSE,FALSE,FALSE,FALSE,FALSE
F2,FALSE,FALSE,FALSE,FALSE,FALSE
F3,FALSE,FALSE,FALSE,FALSE,FALSE
F4,FALSE,FALSE,FALSE,FALSE,FALSE
F5,TRUE,TRUE,FALSE,FALSE,TRUE
F6,FALSE,TRUE,FALSE,FALSE,TRUE
F7,FALSE,FALSE,FALSE,FALSE,FALSE
F8,FALSE,FALSE,FALSE,FALSE,FALSE
F9,FALSE,FALSE,FALSE,FALSE,FALSE
F10,FALSE,FALSE,FALSE,FALSE,FALSE
F11,TRUE,TRUE,FALSE,FALSE,TRUE
F12,FALSE,FALSE,FALSE,FALSE,FALSE
F13,TRUE,FALSE,FALSE,FALSE,TRUE
F14,TRUE,FALSE,FALSE,FALSE,TRUE
F15,FALSE,FALSE,FALSE,FALSE,FALSE
F16,FALSE,FALSE,FALSE,FALSE,FALSE
F17,FALSE,FALSE,FALSE,FALSE,FALSE
F18,FALSE,FALSE,FALSE,FALSE,FALSE
F19,FALSE,FALSE,FALSE,FALSE,FALSE
F20,FALSE,FALSE,FALSE,FALSE,FALSE
F21,FALSE,FALSE,FALSE,FALSE,FALSE
F22,FALSE,FALSE,FALSE,FALSE,FALSE
F23,FALSE,FALSE,FALSE,FALSE,FALSE
F24,FALSE,FALSE,FALSE,FALSE,FALSE
F25,FALSE,FALSE,FALSE,FALSE,FALSE
F26,FALSE,FALSE,FALSE,FALSE,FALSE
F27,FALSE,FALSE,FALSE,FALSE,FALSE
F28,FALSE,FALSE,FALSE,FALSE,FALSE
F29,FALSE,FALSE,FALSE,FALSE,FALSE
F30,FALSE,FALSE,FALSE,FALSE,FALSE
F31,FALSE,FALSE,FALSE,FALSE,FALSE
F32,FALSE,FALSE,FALSE,FALSE,FALSE
F33,FALSE,FALSE,FALSE,FALSE,FALSE
F34,FALSE,FALSE,FALSE,FALSE,FALSE
F35,FALSE,FALSE,FALSE,FALSE,FALSE
F36,FALSE,FALSE,FALSE,FALSE,FALSE
F37,FALSE,FALSE,FALSE,FALSE,FALSE
F38,FALSE,FALSE,FALSE,FALSE,FALSE
F39,FALSE,FALSE,FALSE,FALSE,FALSE
F40,FALSE,FALSE,FALSE,FALSE,FALSE
F41,FALSE,FALSE,FALSE,FALSE,FALSE
F42,FALSE,FALSE,FALSE,FALSE,FALSE
F43,FALSE,FALSE,FALSE,FALSE,FALSE
F44,FALSE,FALSE,FALSE,FALSE,FALSE
F45,FALSE,FALSE,FALSE,FALSE,FALSE
F46,FALSE,FALSE,FALSE,FALSE,FALSE
F47,FALSE,FALSE,FALSE,FALSE,FALSE
F48,FALSE,FALSE,FALSE,FALSE,FALSE
F49,FALSE,FALSE,FALSE,FALSE,FALSE
F50,FALSE,FALSE,FALSE,FALSE,FALSE
F51,FALSE,FALSE,FALSE,FALSE,FALSE
F52,FALSE,FALSE,FALSE,FALSE,FALSE
F53,FALSE,FALSE,FALSE,FALSE,FALSE
F54,FALSE,FALSE,FALSE,FALSE,FALSE
F55,FALSE,FALSE,FALSE,FALSE,FALSE
F56,FALSE,FALSE,FALSE,FALSE,FALSE
F57,FALSE,FALSE,FALSE,FALSE,FALSE
F58,FALSE,FALSE,FALSE,FALSE,FALSE
F59,FALSE,FALSE,FALSE,FALSE,FALSE
F60,FALSE,FALSE,FALSE,FALSE,FALSE
F61,FALSE,FALSE,FALSE,FALSE,FALSE
F62,FALSE,FALSE,FALSE,FALSE,FALSE
F63,FALSE,FALSE,FALSE,FALSE,FALSE
F64,FALSE,FALSE,FALSE,FALSE,FALSE
F65,FALSE,FALSE,FALSE,FALSE,FALSE
F66,FALSE,FALSE,FALSE,FALSE,FALSE
F67,FALSE,FALSE,FALSE,FALSE,FALSE
F68,FALSE,FALSE,FALSE,FALSE,FALSE
F69,FALSE,FALSE,FALSE,FALSE,FALSE
F70,FALSE,FALSE,FALSE,FALSE,FALSE
F71,FALSE,FALSE,FALSE,FALSE,FALSE
F72,FALSE,FALSE,FALSE,FALSE,FALSE
F73,FALSE,FALSE,FALSE,FALSE,FALSE
F74,FALSE,FALSE,FALSE,FALSE,FALSE
F75,FALSE,FALSE,FALSE,FALSE,FALSE
F76,FALSE,FALSE,FALSE,FALSE,FALSE
F77,FALSE,FALSE,FALSE,FALSE,FALSE
F78,FALSE,FALSE,FALSE,FALSE,FALSE
F79,FALSE,FALSE,FALSE,FALSE,FALSE
F80,FALSE,FALSE,FALSE,FALSE,FALSE
F81,FALSE,FALSE,FALSE,FALSE,FALSE
F82,FALSE,FALSE,FALSE,FALSE,FALSE
F83,FALSE,FALSE,FALSE,FALSE,FALSE
F84,FALSE,FALSE,FALSE,FALSE,FALSE
F85,FALSE,FALSE,FALSE,FALSE,FALSE
F86,FALSE,FALSE,FALSE,FALSE,FALSE
F87,FALSE,FALSE,FALSE,FALSE,FALSE
F88,FALSE,FALSE,FALSE,FALSE,FALSE
F89,FALSE,FALSE,FALSE,FALSE,FALSE
F90,FALSE,FALSE,FALSE,FALSE,FALSE
F91,FALSE,FALSE,FALSE,FALSE,FALSE
F92,FALSE,FALSE,FALSE,FALSE,FALSE
F93,FALSE,FALSE,FALSE,FALSE,FALSE
F94,FALSE,FALSE,FALSE,FALSE,FALSE
F95,TRUE,FALSE,FALSE,FALSE,TRUE
F96,TRUE,FALSE,FALSE,FALSE,TRUE
F97,FALSE,FALSE,FALSE,FALSE,FALSE
F98,FALSE,FALSE,FALSE,FALSE,FALSE
F99,FALSE,FALSE,FALSE,FALSE,FALSE
F100,FALSE,FALSE,FALSE,FALSE,FALSE
F101,FALSE,FALSE,FALSE,FALSE,FALSE
F102,FALSE,FALSE,FALSE,FALSE,FALSE
F103,FALSE,FALSE,FALSE,FALSE,FALSE
F104,FALSE,FALSE,FALSE,FALSE,FALSE
F105,FALSE,FALSE,FALSE,FALSE,FALSE
F106,FALSE,FALSE,FALSE,FALSE,FALSE
F107,FALSE,FALSE,FALSE,FALSE,FALSE
F108,FALSE,FALSE,FALSE,FALSE,FALSE
F109,FALSE,FALSE,FALSE,FALSE,FALSE
F110,FALSE,FALSE,FALSE,FALSE,FALSE
F111,FALSE,FALSE,FALSE,FALSE,FALSE
F112,FALSE,FALSE,FALSE,FALSE,FALSE
F113,FALSE,FALSE,FALSE,FALSE,FALSE
F114,FALSE,FALSE,FALSE,FALSE,FALSE
F115,FALSE,FALSE,FALSE,FALSE,FALSE
F116,FALSE,FALSE,FALSE,FALSE,FALSE
F117,FALSE,FALSE,FALSE,FALSE,FALSE
F118,FALSE,FALSE,FALSE,FALSE,FALSE
F119,FALSE,FALSE,FALSE,FALSE,FALSE
F120,FALSE,FALSE,FALSE,FALSE,FALSE
F121,FALSE,FALSE,FALSE,FALSE,FALSE
F122,FALSE,FALSE,FALSE,FALSE,FALSE
F123,FALSE,FALSE,FALSE,FALSE,FALSE
F124,FALSE,FALSE,FALSE,FALSE,FALSE
F125,FALSE,FALSE,FALSE,FALSE,FALSE
F126,TRUE,FALSE,FALSE,FALSE,TRUE
F127,FALSE,FALSE,FALSE,FALSE,FALSE
F128,FALSE,FALSE,FALSE,FALSE,FALSE
F129,FALSE,FALSE,FALSE,FALSE,FALSE
F130,FALSE,FALSE,FALSE,FALSE,FALSE
F131,FALSE,FALSE,FALSE,FALSE,FALSE
F132,FALSE,FALSE,FALSE,FALSE,FALSE
F133,FALSE,FALSE,FALSE,FALSE,FALSE
F134,FALSE,FALSE,FALSE,FALSE,FALSE
F135,FALSE,FALSE,FALSE,FALSE,FALSE
F136,FALSE,FALSE,FALSE,FALSE,FALSE
F137,FALSE,FALSE,FALSE,FALSE,FALSE
F138,FALSE,FALSE,FALSE,FALSE,FALSE
F139,FALSE,FALSE,FALSE,FALSE,FALSE
F140,FALSE,FALSE,FALSE,FALSE,FALSE
F141,FALSE,FALSE,FALSE,FALSE,FALSE
F142,FALSE,FALSE,FALSE,FALSE,FALSE
F143,FALSE,FALSE,FALSE,FALSE,FALSE
F144,FALSE,FALSE,FALSE,FALSE,FALSE
F145,FALSE,FALSE,FALSE,FALSE,FALSE
F146,FALSE,FALSE,FALSE,FALSE,FALSE
F147,FALSE,FALSE,FALSE,FALSE,FALSE
F148,FALSE,FALSE,FALSE,FALSE,FALSE
F149,FALSE,FALSE,FALSE,FALSE,FALSE
F150,FALSE,FALSE,FALSE,FALSE,FALSE
F151,FALSE,FALSE,FALSE,FALSE,FALSE
F152,FALSE,FALSE,FALSE,FALSE,FALSE
F153,FALSE,FALSE,FALSE,FALSE,FALSE
F154,FALSE,FALSE,FALSE,FALSE,FALSE
F155,FALSE,FALSE,FALSE,FALSE,FALSE
F156,FALSE,FALSE,FALSE,FALSE,FALSE
F157,FALSE,FALSE,FALSE,FALSE,FALSE
F158,FALSE,FALSE,FALSE,FALSE,FALSE
F159,FALSE,FALSE,FALSE,FALSE,FALSE
F160,FALSE,FALSE,FALSE,FALSE,FALSE
F161,FALSE,FALSE,FALSE,FALSE,FALSE
F162,FALSE,FALSE,FALSE,FALSE,FALSE
F163,FALSE,FALSE,FALSE,FALSE,FALSE
F164,FALSE,FALSE,FALSE,FALSE,FALSE
F165,FALSE,FALSE,FALSE,FALSE,FALSE
F166,FALSE,FALSE,FALSE,FALSE,FALSE
F167,FALSE,FALSE,FALSE,FALSE,FALSE
F168,FALSE,FALSE,FALSE,FALSE,FALSE
F169,FALSE,FALSE,FALSE,FALSE,FALSE
F170,FALSE,FALSE,FALSE,FALSE,FALSE
F171,FALSE,FALSE,FALSE,FALSE,FALSE
F172,FALSE,FALSE,FALSE,FALSE,FALSE
F173,FALSE,FALSE,FALSE,FALSE,FALSE
F174,FALSE,FALSE,FALSE,FALSE,FALSE
F175,FALSE,FALSE,FALSE,FALSE,FALSE
F176,FALSE,FALSE,FALSE,FALSE,FALSE
F177,FALSE,FALSE,FALSE,FALSE,FALSE
F178,FALSE,FALSE,FALSE,FALSE,FALSE
F179,TRUE,FALSE,FALSE,FALSE,TRUE
F180,FALSE,FALSE,FALSE,FALSE,FALSE
F181,FALSE,FALSE,FALSE,FALSE,FALSE
F182,FALSE,FALSE,FALSE,FALSE,FALSE
F183,FALSE,FALSE,FALSE,FALSE,FALSE
F184,FALSE,FALSE,FALSE,FALSE,FALSE
F185,FALSE,FALSE,FALSE,FALSE,FALSE
F186,FALSE,FALSE,FALSE,FALSE,FALSE
F187,FALSE,FALSE,FALSE,FALSE,FALSE
F188,FALSE,FALSE,FALSE,FALSE,FALSE
F189,FALSE,FALSE,FALSE,FALSE,FALSE
F190,FALSE,FALSE,FALSE,FALSE,FALSE
F191,FALSE,FALSE,FALSE,FALSE,FALSE
F192,FALSE,FALSE,FALSE,FALSE,FALSE
F193,FALSE,FALSE,FALSE,FALSE,FALSE
F194,FALSE,FALSE,FALSE,FALSE,FALSE
F195,FALSE,FALSE,FALSE,FALSE,FALSE
F196,FALSE,FALSE,FALSE,FALSE,FALSE
F197,FALSE,FALSE,FALSE,FALSE,FALSE
F198,FALSE,FALSE,FALSE,FALSE,FALSE
F199,TRUE,FALSE,FALSE,FALSE,TRUE
F200,FALSE,FALSE,FALSE,FALSE,FALSE
F201,FALSE,FALSE,FALSE,FALSE,FALSE
F202,FALSE,FALSE,FALSE,FALSE,FALSE
F203,FALSE,FALSE,FALSE,FALSE,FALSE
F204,FALSE,FALSE,FALSE,FALSE,FALSE
F205,TRUE,FALSE,FALSE,FALSE,TRUE
F206,FALSE,FALSE,FALSE,FALSE,FALSE
F207,FALSE,FALSE,FALSE,FALSE,FALSE
F208,FALSE,FALSE,FALSE,FALSE,FALSE
F209,FALSE,FALSE,FALSE,FALSE,FALSE
F210,FALSE,FALSE,FALSE,FALSE,FALSE
F211,FALSE,FALSE,FALSE,FALSE,FALSE
F212,FALSE,FALSE,FALSE,FALSE,FALSE
F213,FALSE,FALSE,FALSE,FALSE,FALSE
F214,FALSE,FALSE,FALSE,FALSE,FALSE
F215,FALSE,FALSE,FALSE,FALSE,FALSE
F216,FALSE,FALSE,FALSE,FALSE,FALSE
F217,TRUE,FALSE,FALSE,FALSE,TRUE
F218,FALSE,FALSE,FALSE,FALSE,FALSE
F219,FALSE,FALSE,FALSE,FALSE,FALSE
F220,FALSE,FALSE,FALSE,FALSE,FALSE
F221,FALSE,FALSE,FALSE,FALSE,FALSE
F222,FALSE,FALSE,FALSE,FALSE,FALSE
F223,FALSE,FALSE,FALSE,FALSE,FALSE
F224,FALSE,FALSE,FALSE,FALSE,FALSE
F225,FALSE,FALSE,FALSE,FALSE,FALSE
F226,FALSE,FALSE,FALSE,FALSE,FALSE
F227,FALSE,FALSE,FALSE,FALSE,FALSE
F228,FALSE,FALSE,FALSE,FALSE,FALSE
F229,TRUE,FALSE,FALSE,FALSE,TRUE
F230,FALSE,FALSE,FALSE,FALSE,FALSE
F231,FALSE,FALSE,FALSE,FALSE,FALSE
F232,FALSE,FALSE,FALSE,FALSE,FALSE
F233,FALSE,FALSE,FALSE,FALSE,FALSE
F234,FALSE,FALSE,FALSE,FALSE,FALSE
F235,FALSE,FALSE,FALSE,FALSE,FALSE
F236,FALSE,FALSE,FALSE,FALSE,FALSE
F237,FALSE,FALSE,FALSE,FALSE,FALSE
F238,FALSE,FALSE,FALSE,FALSE,FALSE
F239,FALSE,FALSE,FALSE,FALSE,FALSE
F240,FALSE,FALSE,FALSE,FALSE,FALSE
F241,FALSE,FALSE,FALSE,FALSE,FALSE
F242,FALSE,FALSE,FALSE,FALSE,FALSE
F243,FALSE,FALSE,FALSE,FALSE,FALSE
F244,FALSE,FALSE,FALSE,FALSE,FALSE
F245,FALSE,FALSE,FALSE,FALSE,FALSE
F246,FALSE,FALSE,FALSE,FALSE,FALSE
F247,FALSE,FALSE,FALSE,FALSE,FALSE
F248,FALSE,FALSE,FALSE,FALSE,FALSE
F249,FALSE,FALSE,FALSE,FALSE,FALSE
F250,FALSE,FALSE,FALSE,FALSE,FALSE
F251,FALSE,FALSE,FALSE,FALSE,FALSE
F252,FALSE,FALSE,FALSE,FALSE,FALSE
F253,FALSE,FALSE,FALSE,FALSE,FALSE
F254,FALSE,FALSE,FALSE,FALSE,FALSE
F255,FALSE,FALSE,FALSE,FALSE,FALSE
F256,FALSE,FALSE,FALSE,FALSE,FALSE
F257,FALSE,FALSE,FALSE,FALSE,FALSE
F258,FALSE,FALSE,FALSE,FALSE,FALSE
F259,FALSE,FALSE,FALSE,FALSE,FALSE
F260,FALSE,FALSE,FALSE,FALSE,FALSE
F261,FALSE,FALSE,FALSE,FALSE,FALSE
F262,FALSE,FALSE,FALSE,FALSE,FALSE
F263,FALSE,FALSE,FALSE,FALSE,FALSE
F264,FALSE,FALSE,FALSE,FALSE,FALSE
F265,FALSE,FALSE,FALSE,FALSE,FALSE
F266,FALSE,FALSE,FALSE,FALSE,FALSE
F267,FALSE,FALSE,FALSE,FALSE,FALSE
F268,FALSE,FALSE,FALSE,FALSE,FALSE
F269,FALSE,FALSE,FALSE,FALSE,FALSE
F270,FALSE,FALSE,FALSE,FALSE,FALSE
F271,FALSE,FALSE,FALSE,FALSE,FALSE
F272,FALSE,FALSE,FALSE,FALSE,FALSE
F273,FALSE,FALSE,FALSE,FALSE,FALSE
F274,TRUE,FALSE,FALSE,FALSE,TRUE
F275,TRUE,TRUE,FALSE,FALSE,TRUE
F276,FALSE,FALSE,FALSE,FALSE,FALSE
F277,FALSE,FALSE,FALSE,FALSE,FALSE
F278,FALSE,FALSE,FALSE,FALSE,FALSE
F279,FALSE,FALSE,FALSE,FALSE,FALSE
F280,FALSE,FALSE,FALSE,FALSE,FALSE
F281,FALSE,FALSE,FALSE,FALSE,FALSE
F282,FALSE,FALSE,FALSE,FALSE,FALSE
F283,FALSE,FALSE,FALSE,FALSE,FALSE
F284,FALSE,FALSE,FALSE,FALSE,FALSE
F285,FALSE,FALSE,FALSE,FALSE,FALSE
F286,FALSE,FALSE,FALSE,FALSE,FALSE
F287,FALSE,FALSE,FALSE,FALSE,FALSE
F288,FALSE,FALSE,FALSE,FALSE,FALSE
F289,FALSE,FALSE,FALSE,FALSE,FALSE
F290,FALSE,FALSE,FALSE,FALSE,FALSE
F291,FALSE,FALSE,FALSE,FALSE,FALSE
F292,FALSE,FALSE,FALSE,FALSE,FALSE
F293,FALSE,FALSE,FALSE,FALSE,FALSE
F294,FALSE,FALSE,FALSE,FALSE,FALSE
F295,FALSE,FALSE,FALSE,FALSE,FALSE
F296,FALSE,FALSE,FALSE,FALSE,FALSE
F297,FALSE,FALSE,FALSE,FALSE,FALSE
F298,FALSE,FALSE,FALSE,FALSE,FALSE
F299,FALSE,FALSE,FALSE,FALSE,FALSE
F300,FALSE,FALSE,FALSE,FALSE,FALSE
F301,FALSE,FALSE,FALSE,FALSE,FALSE
F302,FALSE,FALSE,FALSE,FALSE,FALSE
F303,FALSE,FALSE,FALSE,FALSE,FALSE
F304,FALSE,FALSE,FALSE,FALSE,FALSE
F305,FALSE,FALSE,FALSE,FALSE,FALSE
F306,FALSE,FALSE,FALSE,FALSE,FALSE
F307,FALSE,FALSE,FALSE,FALSE,FALSE
F308,FALSE,FALSE,FALSE,FALSE,FALSE
F309,TRUE,FALSE,FALSE,FALSE,TRUE
F310,FALSE,FALSE,FALSE,FALSE,FALSE
F311,FALSE,FALSE,FALSE,FALSE,FALSE
F312,FALSE,FALSE,FALSE,FALSE,FALSE
F313,FALSE,FALSE,FALSE,FALSE,FALSE
F314,FALSE,FALSE,FALSE,FALSE,FALSE
F315,FALSE,FALSE,FALSE,FALSE,FALSE
F316,FALSE,FALSE,FALSE,FALSE,FALSE
F317,FALSE,FALSE,FALSE,FALSE,FALSE
F318,FALSE,FALSE,FALSE,FALSE,FALSE
F319,FALSE,FALSE,FALSE,FALSE,FALSE
F320,FALSE,FALSE,FALSE,FALSE,FALSE
F321,FALSE,FALSE,FALSE,FALSE,FALSE
F322,FALSE,FALSE,FALSE,FALSE,FALSE
F323,FALSE,FALSE,FALSE,FALSE,FALSE
F324,FALSE,FALSE,FALSE,FALSE,FALSE
F325,FALSE,FALSE,FALSE,FALSE,FALSE
F326,FALSE,FALSE,FALSE,FALSE,FALSE
F327,FALSE,FALSE,FALSE,FALSE,FALSE
F328,FALSE,FALSE,FALSE,FALSE,FALSE
F329,FALSE,FALSE,FALSE,FALSE,FALSE
F330,FALSE,FALSE,FALSE,FALSE,FALSE
F331,FALSE,FALSE,FALSE,FALSE,FALSE
F332,FALSE,FALSE,FALSE,FALSE,FALSE
F333,FALSE,FALSE,FALSE,FALSE,FALSE
F334,FALSE,FALSE,FALSE,FALSE,FALSE
F335,FALSE,FALSE,FALSE,FALSE,FALSE
F336,FALSE,FALSE,FALSE,FALSE,FALSE
F337,FALSE,FALSE,FALSE,FALSE,FALSE
F338,FALSE,FALSE,FALSE,FALSE,FALSE
F339,FALSE,FALSE,FALSE,FALSE,FALSE
F340,FALSE,FALSE,FALSE,FALSE,FALSE
F341,FALSE,FALSE,FALSE,FALSE,FALSE
F342,FALSE,FALSE,FALSE,FALSE,FALSE
F343,FALSE,FALSE,FALSE,FALSE,FALSE
F344,FALSE,FALSE,FALSE,FALSE,FALSE
F345,FALSE,FALSE,FALSE,FALSE,FALSE
F346,FALSE,FALSE,FALSE,FALSE,FALSE
F347,FALSE,FALSE,FALSE,FALSE,FALSE
F348,FALSE,FALSE,FALSE,FALSE,FALSE
F349,FALSE,FALSE,FALSE,FALSE,FALSE
F350,FALSE,FALSE,FALSE,FALSE,FALSE
F351,FALSE,FALSE,FALSE,FALSE,FALSE
F352,FALSE,FALSE,FALSE,FALSE,FALSE
F353,FALSE,FALSE,FALSE,FALSE,FALSE
F354,FALSE,FALSE,FALSE,FALSE,FALSE
F355,FALSE,FALSE,FALSE,FALSE,FALSE
F356,FALSE,FALSE,FALSE,FALSE,FALSE
F357,FALSE,FALSE,FALSE,FALSE,FALSE
F358,FALSE,FALSE,FALSE,FALSE,FALSE
F359,FALSE,FALSE,FALSE,FALSE,FALSE
F360,FALSE,FALSE,FALSE,FALSE,FALSE
F361,FALSE,FALSE,FALSE,FALSE,FALSE
F362,TRUE,FALSE,FALSE,FALSE,TRUE
F363,FALSE,FALSE,FALSE,FALSE,FALSE
F364,FALSE,FALSE,FALSE,FALSE,FALSE
F365,FALSE,FALSE,FALSE,FALSE,FALSE
F366,TRUE,FALSE,FALSE,FALSE,TRUE
F367,TRUE,FALSE,FALSE,FALSE,TRUE
F368,TRUE,FALSE,FALSE,FALSE,TRUE
F369,TRUE,FALSE,FALSE,FALSE,TRUE
F370,FALSE,FALSE,FALSE,FALSE,FALSE
F371,FALSE,FALSE,FALSE,FALSE,FALSE
F372,FALSE,FALSE,FALSE,FALSE,FALSE
F373,FALSE,FALSE,FALSE,FALSE,FALSE
F374,TRUE,FALSE,FALSE,FALSE,TRUE
F375,FALSE,FALSE,FALSE,FALSE,FALSE
F376,FALSE,FALSE,FALSE,FALSE,FALSE
F377,FALSE,FALSE,FALSE,FALSE,FALSE
F378,FALSE,FALSE,FALSE,FALSE,FALSE
F379,FALSE,FALSE,FALSE,FALSE,FALSE
F380,FALSE,FALSE,FALSE,FALSE,FALSE
F381,FALSE,FALSE,FALSE,FALSE,FALSE
F382,FALSE,FALSE,FALSE,FALSE,FALSE
F383,FALSE,FALSE,FALSE,FALSE,FALSE
F384,FALSE,FALSE,FALSE,FALSE,FALSE
F385,FALSE,FALSE,FALSE,FALSE,FALSE
F386,FALSE,FALSE,FALSE,FALSE,FALSE
F387,FALSE,FALSE,FALSE,FALSE,FALSE
F388,FALSE,FALSE,FALSE,FALSE,FALSE
F389,TRUE,FALSE,FALSE,FALSE,TRUE
F390,FALSE,FALSE,FALSE,FALSE,FALSE
F391,FALSE,FALSE,FALSE,FALSE,FALSE
F392,FALSE,FALSE,FALSE,FALSE,FALSE
F393,TRUE,FALSE,FALSE,FALSE,TRUE
F394,FALSE,FALSE,FALSE,FALSE,FALSE
F395,FALSE,FALSE,FALSE,FALSE,FALSE
F396,FALSE,FALSE,FALSE,FALSE,FALSE
F397,FALSE,FALSE,FALSE,FALSE,FALSE
F398,FALSE,FALSE,FALSE,FALSE,FALSE
F399,FALSE,FALSE,FALSE,FALSE,FALSE
F400,TRUE,TRUE,FALSE,FALSE,TRUE
F401,FALSE,FALSE,FALSE,FALSE,FALSE
F402,FALSE,FALSE,FALSE,FALSE,FALSE
F403,FALSE,FALSE,FALSE,FALSE,FALSE
F404,FALSE,FALSE,FALSE,FALSE,FALSE
F405,FALSE,FALSE,FALSE,FALSE,FALSE
F406,FALSE,FALSE,FALSE,FALSE,FALSE
F407,FALSE,FALSE,FALSE,FALSE,FALSE
F408,FALSE,FALSE,FALSE,FALSE,FALSE
F409,FALSE,FALSE,FALSE,FALSE,FALSE
F410,FALSE,FALSE,FALSE,FALSE,FALSE
F411,FALSE,FALSE,FALSE,FALSE,FALSE
F412,FALSE,FALSE,FALSE,FALSE,FALSE
F413,FALSE,FALSE,FALSE,FALSE,FALSE
F414,FALSE,FALSE,FALSE,FALSE,FALSE
F415,FALSE,FALSE,FALSE,FALSE,FALSE
F416,FALSE,FALSE,FALSE,FALSE,FALSE
F417,FALSE,FALSE,FALSE,FALSE,FALSE
F418,FALSE,FALSE,FALSE,FALSE,FALSE
F419,FALSE,FALSE,FALSE,FALSE,FALSE
F420,FALSE,FALSE,FALSE,FALSE,FALSE
F421,TRUE,FALSE,FALSE,FALSE,TRUE
F422,FALSE,FALSE,FALSE,FALSE,FALSE
F423,FALSE,FALSE,FALSE,FALSE,FALSE
F424,FALSE,FALSE,FALSE,FALSE,FALSE
F425,FALSE,FALSE,FALSE,FALSE,FALSE
F426,FALSE,FALSE,FALSE,FALSE,FALSE
F427,FALSE,FALSE,FALSE,FALSE,FALSE
F428,FALSE,FALSE,FALSE,FALSE,FALSE
F429,FALSE,FALSE,FALSE,FALSE,FALSE
F430,FALSE,FALSE,FALSE,FALSE,FALSE
F431,FALSE,FALSE,FALSE,FALSE,FALSE
F432,FALSE,FALSE,FALSE,FALSE,FALSE
F433,FALSE,FALSE,FALSE,FALSE,FALSE
F434,FALSE,FALSE,FALSE,FALSE,FALSE
F435,FALSE,FALSE,FALSE,FALSE,FALSE
F436,FALSE,FALSE,FALSE,FALSE,FALSE
F437,FALSE,FALSE,FALSE,FALSE,FALSE
F438,FALSE,FALSE,FALSE,FALSE,FALSE
F439,FALSE,FALSE,FALSE,FALSE,FALSE
F440,FALSE,FALSE,FALSE,FALSE,FALSE
F441,FALSE,FALSE,FALSE,FALSE,FALSE
F442,FALSE,FALSE,FALSE,FALSE,FALSE
F443,FALSE,FALSE,FALSE,FALSE,FALSE
F444,FALSE,FALSE,FALSE,FALSE,FALSE
F445,FALSE,FALSE,FALSE,FALSE,FALSE
F446,FALSE,FALSE,FALSE,FALSE,FALSE
F447,FALSE,FALSE,FALSE,FALSE,FALSE
F448,FALSE,FALSE,FALSE,FALSE,FALSE
F449,FALSE,FALSE,FALSE,FALSE,FALSE
F450,FALSE,FALSE,FALSE,FALSE,FALSE
F451,FALSE,FALSE,FALSE,FALSE,FALSE
F452,FALSE,FALSE,FALSE,FALSE,FALSE
F453,FALSE,FALSE,FALSE,FALSE,FALSE
F454,FALSE,FALSE,FALSE,FALSE,FALSE
F455,FALSE,FALSE,FALSE,FALSE,FALSE
F456,FALSE,FALSE,FALSE,FALSE,FALSE
F457,FALSE,FALSE,FALSE,FALSE,FALSE
F458,FALSE,FALSE,FALSE,FALSE,FALSE
F459,FALSE,FALSE,FALSE,FALSE,FALSE
F460,FALSE,FALSE,FALSE,FALSE,FALSE
F461,FALSE,FALSE,FALSE,FALSE,FALSE
F462,FALSE,FALSE,FALSE,FALSE,FALSE
F463,FALSE,FALSE,FALSE,FALSE,FALSE
F464,FALSE,FALSE,FALSE,FALSE,FALSE
F465,FALSE,FALSE,FALSE,FALSE,FALSE
F466,FALSE,FALSE,FALSE,FALSE,FALSE
F467,TRUE,FALSE,FALSE,FALSE,TRUE
F468,FALSE,FALSE,FALSE,FALSE,FALSE
F469,FALSE,FALSE,FALSE,FALSE,FALSE
F470,FALSE,FALSE,FALSE,FALSE,FALSE
F471,FALSE,FALSE,FALSE,FALSE,FALSE
F472,FALSE,FALSE,FALSE,FALSE,FALSE
F473,FALSE,FALSE,FALSE,FALSE,FALSE
F474,FALSE,FALSE,FALSE,FALSE,FALSE
F475,FALSE,FALSE,FALSE,FALSE,FALSE
F476,FALSE,FALSE,FALSE,FALSE,FALSE
F477,FALSE,FALSE,FALSE,FALSE,FALSE
F478,FALSE,FALSE,FALSE,FALSE,FALSE
F479,FALSE,FALSE,FALSE,FALSE,FALSE
F480,FALSE,FALSE,FALSE,FALSE,FALSE
F481,FALSE,FALSE,FALSE,FALSE,FALSE
F482,FALSE,FALSE,FALSE,FALSE,FALSE
F483,FALSE,FALSE,FALSE,FALSE,FALSE
F484,FALSE,FALSE,FALSE,FALSE,FALSE
F485,FALSE,FALSE,FALSE,FALSE,FALSE
F486,FALSE,FALSE,FALSE,FALSE,FALSE
F487,FALSE,FALSE,FALSE,FALSE,FALSE
F488,TRUE,FALSE,FALSE,FALSE,TRUE
F489,FALSE,FALSE,FALSE,FALSE,FALSE
F490,FALSE,FALSE,FALSE,FALSE,FALSE
F491,FALSE,FALSE,FALSE,FALSE,FALSE
F492,FALSE,FALSE,FALSE,FALSE,FALSE
F493,FALSE,FALSE,FALSE,FALSE,FALSE
F494,FALSE,FALSE,FALSE,FALSE,FALSE
F495,FALSE,FALSE,FALSE,FALSE,FALSE
F496,FALSE,FALSE,FALSE,FALSE,FALSE
F497,FALSE,FALSE,FALSE,FALSE,FALSE
F498,FALSE,FALSE,FALSE,FALSE,FALSE
F499,FALSE,FALSE,FALSE,FALSE,FALSE
F500,FALSE,FALSE,FALSE,FALSE,FALSE
F501,TRUE,FALSE,FALSE,FALSE,TRUE
F502,FALSE,FALSE,FALSE,FALSE,FALSE
F503,TRUE,FALSE,FALSE,FALSE,TRUE
F504,FALSE,FALSE,FALSE,FALSE,FALSE
F505,FALSE,FALSE,FALSE,FALSE,FALSE
F506,FALSE,FALSE,FALSE,FALSE,FALSE
F507,FALSE,FALSE,FALSE,FALSE,FALSE
F508,FALSE,FALSE,FALSE,FALSE,FALSE
F509,FALSE,FALSE,FALSE,FALSE,FALSE
F510,FALSE,FALSE,FALSE,FALSE,FALSE
F511,FALSE,FALSE,FALSE,FALSE,FALSE
F512,FALSE,FALSE,FALSE,FALSE,FALSE
F513,FALSE,FALSE,FALSE,FALSE,FALSE
F514,FALSE,FALSE,FALSE,FALSE,FALSE
F515,FALSE,FALSE,FALSE,FALSE,FALSE
F516,FALSE,FALSE,FALSE,FALSE,FALSE
F517,FALSE,FALSE,FALSE,FALSE,FALSE
F518,FALSE,FALSE,FALSE,FALSE,FALSE
F519,FALSE,FALSE,FALSE,FALSE,FALSE
F520,FALSE,FALSE,FALSE,FALSE,FALSE
F521,FALSE,FALSE,FALSE,FALSE,FALSE
F522,FALSE,FALSE,FALSE,FALSE,FALSE
F523,FALSE,FALSE,FALSE,FALSE,FALSE
F524,FALSE,FALSE,FALSE,FALSE,FALSE
F525,FALSE,FALSE,FALSE,FALSE,FALSE
F526,FALSE,FALSE,FALSE,FALSE,FALSE
F527,FALSE,FALSE,FALSE,FALSE,FALSE
F528,FALSE,FALSE,FALSE,FALSE,FALSE
F529,TRUE,FALSE,FALSE,FALSE,TRUE
F530,FALSE,FALSE,FALSE,FALSE,FALSE
F531,FALSE,FALSE,FALSE,FALSE,FALSE
F532,FALSE,FALSE,FALSE,FALSE,FALSE
F533,FALSE,FALSE,FALSE,FALSE,FALSE
F534,FALSE,FALSE,FALSE,FALSE,FALSE
F535,TRUE,FALSE,FALSE,FALSE,TRUE
F536,FALSE,FALSE,FALSE,FALSE,FALSE
F537,FALSE,FALSE,FALSE,FALSE,FALSE
F538,FALSE,FALSE,FALSE,FALSE,FALSE
F539,FALSE,FALSE,FALSE,FALSE,FALSE
F540,FALSE,FALSE,FALSE,FALSE,FALSE
F541,FALSE,FALSE,FALSE,FALSE,FALSE
F542,FALSE,FALSE,FALSE,FALSE,FALSE
F543,FALSE,FALSE,FALSE,FALSE,FALSE
F544,FALSE,FALSE,FALSE,FALSE,FALSE
F545,FALSE,FALSE,FALSE,FALSE,FALSE
F546,FALSE,FALSE,FALSE,FALSE,FALSE
F547,FALSE,FALSE,FALSE,FALSE,FALSE
F548,FALSE,FALSE,FALSE,FALSE,FALSE
F549,FALSE,FALSE,FALSE,FALSE,FALSE
F550,FALSE,FALSE,FALSE,FALSE,FALSE
F551,FALSE,FALSE,FALSE,FALSE,FALSE
F552,FALSE,FALSE,FALSE,FALSE,FALSE
F553,FALSE,FALSE,FALSE,FALSE,FALSE
F554,FALSE,FALSE,FALSE,FALSE,FALSE
F555,FALSE,FALSE,FALSE,FALSE,FALSE
F556,FALSE,FALSE,FALSE,FALSE,FALSE
F557,FALSE,FALSE,FALSE,FALSE,FALSE
F558,TRUE,FALSE,FALSE,FALSE,TRUE
F559,FALSE,FALSE,FALSE,FALSE,FALSE
F560,FALSE,FALSE,FALSE,FALSE,FALSE
F561,FALSE,FALSE,FALSE,FALSE,FALSE
F562,FALSE,FALSE,FALSE,FALSE,FALSE
F563,FALSE,FALSE,FALSE,FALSE,FALSE
F564,FALSE,FALSE,FALSE,FALSE,FALSE
F565,FALSE,FALSE,FALSE,FALSE,FALSE
F566,FALSE,FALSE,FALSE,FALSE,FALSE
F567,FALSE,FALSE,FALSE,FALSE,FALSE
F568,FALSE,FALSE,FALSE,FALSE,FALSE
F569,FALSE,FALSE,FALSE,FALSE,FALSE
F570,FALSE,FALSE,FALSE,FALSE,FALSE
F571,FALSE,FALSE,FALSE,FALSE,FALSE
F572,FALSE,FALSE,FALSE,FALSE,FALSE
F573,FALSE,FALSE,FALSE,FALSE,FALSE
F574,FALSE,FALSE,FALSE,FALSE,FALSE
F575,FALSE,FALSE,FALSE,FALSE,FALSE
F576,FALSE,FALSE,FALSE,FALSE,FALSE
F577,FALSE,FALSE,FALSE,FALSE,FALSE
F578,FALSE,FALSE,FALSE,FALSE,FALSE
F579,TRUE,FALSE,FALSE,FALSE,TRUE
F580,FALSE,FALSE,FALSE,FALSE,FALSE
F581,FALSE,FALSE,FALSE,FALSE,FALSE
F582,FALSE,FALSE,FALSE,FALSE,FALSE
F583,FALSE,FALSE,FALSE,FALSE,FALSE
F584,TRUE,FALSE,FALSE,FALSE,TRUE
F585,FALSE,FALSE,FALSE,FALSE,FALSE
F586,FALSE,FALSE,FALSE,FALSE,FALSE
F587,FALSE,FALSE,FALSE,FALSE,FALSE
F588,FALSE,FALSE,FALSE,FALSE,FALSE
F589,FALSE,FALSE,FALSE,FALSE,FALSE
F590,FALSE,FALSE,FALSE,FALSE,FALSE
F591,FALSE,FALSE,FALSE,FALSE,FALSE
F592,FALSE,FALSE,FALSE,FALSE,FALSE
F593,FALSE,FALSE,FALSE,FALSE,FALSE
F594,FALSE,FALSE,FALSE,FALSE,FALSE
F595,FALSE,FALSE,FALSE,FALSE,FALSE
F596,FALSE,FALSE,FALSE,FALSE,FALSE
F597,FALSE,FALSE,FALSE,FALSE,FALSE
F598,FALSE,FALSE,FALSE,FALSE,FALSE
F599,FALSE,FALSE,FALSE,FALSE,FALSE
F600,TRUE,FALSE,FALSE,FALSE,TRUE
F601,FALSE,FALSE,FALSE,FALSE,FALSE
F602,FALSE,FALSE,FALSE,FALSE,FALSE
F603,TRUE,FALSE,FALSE,FALSE,TRUE
F604,FALSE,FALSE,FALSE,FALSE,FALSE
F605,FALSE,FALSE,FALSE,FALSE,FALSE
F606,FALSE,FALSE,FALSE,FALSE,FALSE
F607,FALSE,FALSE,FALSE,FALSE,FALSE
F608,FALSE,FALSE,FALSE,FALSE,FALSE
F609,FALSE,FALSE,FALSE,FALSE,FALSE
F610,FALSE,FALSE,FALSE,FALSE,FALSE
F611,FALSE,FALSE,FALSE,FALSE,FALSE
F612,FALSE,FALSE,FALSE,FALSE,FALSE
F613,FALSE,FALSE,FALSE,FALSE,FALSE
F614,FALSE,FALSE,FALSE,FALSE,FALSE
F615,FALSE,FALSE,FALSE,FALSE,FALSE
F616,TRUE,FALSE,FALSE,FALSE,TRUE
F617,FALSE,FALSE,FALSE,FALSE,FALSE
F618,TRUE,FALSE,FALSE,FALSE,TRUE
F619,FALSE,TRUE,FALSE,FALSE,TRUE
F620,FALSE,FALSE,FALSE,FALSE,FALSE
F621,FALSE,FALSE,FALSE,FALSE,FALSE
F622,FALSE,FALSE,FALSE,FALSE,FALSE
F623,FALSE,FALSE,FALSE,FALSE,FALSE
F624,FALSE,FALSE,FALSE,FALSE,FALSE
F625,FALSE,FALSE,FALSE,FALSE,FALSE
F626,FALSE,FALSE,FALSE,FALSE,FALSE
F627,FALSE,FALSE,FALSE,FALSE,FALSE
F628,FALSE,FALSE,FALSE,FALSE,FALSE
F629,FALSE,FALSE,FALSE,FALSE,FALSE
F630,FALSE,FALSE,FALSE,FALSE,FALSE
F631,FALSE,FALSE,FALSE,FALSE,FALSE
F632,FALSE,FALSE,FALSE,FALSE,FALSE
F633,FALSE,FALSE,FALSE,FALSE,FALSE
F634,FALSE,FALSE,FALSE,FALSE,FALSE
F635,FALSE,FALSE,FALSE,FALSE,FALSE
F636,FALSE,FALSE,FALSE,FALSE,FALSE
F637,FALSE,FALSE,FALSE,FALSE,FALSE
F638,FALSE,FALSE,FALSE,FALSE,FALSE
F639,FALSE,FALSE,FALSE,FALSE,FALSE
F640,FALSE,FALSE,FALSE,FALSE,FALSE
F641,FALSE,FALSE,FALSE,FALSE,FALSE
F642,FALSE,FALSE,FALSE,FALSE,FALSE
F643,FALSE,FALSE,FALSE,FALSE,FALSE
F644,FALSE,FALSE,FALSE,FALSE,FALSE
F645,FALSE,FALSE,FALSE,FALSE,FALSE
F646,FALSE,FALSE,FALSE,FALSE,FALSE
F647,FALSE,FALSE,FALSE,FALSE,FALSE
F648,FALSE,FALSE,FALSE,FALSE,FALSE
F649,FALSE,FALSE,FALSE,FALSE,FALSE
F650,TRUE,FALSE,FALSE,FALSE,TRUE
F651,FALSE,FALSE,FALSE,FALSE,FALSE
F652,FALSE,FALSE,FALSE,FALSE,FALSE
F653,FALSE,FALSE,FALSE,FALSE,FALSE
F654,FALSE,FALSE,FALSE,FALSE,FALSE
F655,FALSE,FALSE,FALSE,FALSE,FALSE
F656,FALSE,FALSE,FALSE,FALSE,FALSE
F657,FALSE,FALSE,FALSE,FALSE,FALSE
F658,FALSE,FALSE,FALSE,FALSE,FALSE
F659,FALSE,FALSE,FALSE,FALSE,FALSE
F660,FALSE,FALSE,FALSE,FALSE,FALSE
F661,FALSE,FALSE,FALSE,FALSE,FALSE
F662,FALSE,FALSE,FALSE,FALSE,FALSE
F663,FALSE,FALSE,FALSE,FALSE,FALSE
F664,FALSE,FALSE,FALSE,FALSE,FALSE
F665,FALSE,FALSE,FALSE,FALSE,FALSE
F666,TRUE,FALSE,FALSE,FALSE,TRUE
F667,FALSE,FALSE,FALSE,FALSE,FALSE
F668,FALSE,FALSE,FALSE,FALSE,FALSE
F669,FALSE,FALSE,FALSE,FALSE,FALSE
F670,FALSE,FALSE,FALSE,FALSE,FALSE
F671,FALSE,FALSE,FALSE,FALSE,FALSE
F672,FALSE,FALSE,FALSE,FALSE,FALSE
F673,FALSE,FALSE,FALSE,FALSE,FALSE
F674,FALSE,FALSE,FALSE,FALSE,FALSE
F675,FALSE,FALSE,FALSE,FALSE,FALSE
F676,FALSE,FALSE,FALSE,FALSE,FALSE
F677,FALSE,FALSE,FALSE,FALSE,FALSE
F678,FALSE,FALSE,FALSE,FALSE,FALSE
F679,FALSE,FALSE,FALSE,FALSE,FALSE
F680,FALSE,FALSE,FALSE,FALSE,FALSE
F681,FALSE,FALSE,FALSE,FALSE,FALSE
F682,FALSE,FALSE,FALSE,FALSE,FALSE
F683,FALSE,FALSE,FALSE,FALSE,FALSE
F684,FALSE,FALSE,FALSE,FALSE,FALSE
F685,FALSE,FALSE,FALSE,FALSE,FALSE
F686,FALSE,FALSE,FALSE,FALSE,FALSE
F687,TRUE,FALSE,FALSE,FALSE,TRUE
F688,FALSE,FALSE,FALSE,FALSE,FALSE
F689,FALSE,FALSE,FALSE,FALSE,FALSE
F690,FALSE,FALSE,FALSE,FALSE,FALSE
F691,FALSE,FALSE,FALSE,FALSE,FALSE
F692,FALSE,FALSE,FALSE,FALSE,FALSE
F693,FALSE,FALSE,FALSE,FALSE,FALSE
F694,FALSE,FALSE,FALSE,FALSE,FALSE
F695,FALSE,FALSE,FALSE,FALSE,FALSE
F696,FALSE,FALSE,FALSE,FALSE,FALSE
F697,FALSE,FALSE,FALSE,FALSE,FALSE
F698,FALSE,FALSE,FALSE,FALSE,FALSE
F699,FALSE,FALSE,FALSE,FALSE,FALSE
F700,FALSE,FALSE,FALSE,FALSE,FALSE
F701,FALSE,FALSE,FALSE,FALSE,FALSE
F702,FALSE,FALSE,FALSE,FALSE,FALSE
F703,FALSE,FALSE,FALSE,FALSE,FALSE
F704,FALSE,FALSE,FALSE,FALSE,FALSE
F705,FALSE,FALSE,FALSE,FALSE,FALSE
F706,FALSE,FALSE,FALSE,FALSE,FALSE
F707,FALSE,FALSE,FALSE,FALSE,FALSE
F708,FALSE,FALSE,FALSE,FALSE,FALSE
F709,TRUE,FALSE,FALSE,FALSE,TRUE
F710,TRUE,FALSE,FALSE,FALSE,TRUE
F711,FALSE,FALSE,FALSE,FALSE,FALSE
F712,FALSE,FALSE,FALSE,FALSE,FALSE
F713,FALSE,FALSE,FALSE,FALSE,FALSE
F714,FALSE,FALSE,FALSE,FALSE,FALSE
F715,FALSE,FALSE,FALSE,FALSE,FALSE
F716,FALSE,FALSE,FALSE,FALSE,FALSE
F717,FALSE,FALSE,FALSE,FALSE,FALSE
F718,FALSE,FALSE,FALSE,FALSE,FALSE
F719,FALSE,FALSE,FALSE,FALSE,FALSE
F720,FALSE,FALSE,FALSE,FALSE,FALSE
F721,FALSE,FALSE,FALSE,FALSE,FALSE
F722,FALSE,FALSE,FALSE,FALSE,FALSE
F723,FALSE,FALSE,FALSE,FALSE,FALSE
F724,FALSE,FALSE,FALSE,FALSE,FALSE
F725,FALSE,FALSE,FALSE,FALSE,FALSE
F726,FALSE,FALSE,FALSE,FALSE,FALSE
F727,FALSE,FALSE,FALSE,FALSE,FALSE
F728,FALSE,FALSE,FALSE,TRUE,TRUE
F729,FALSE,FALSE,FALSE,FALSE,FALSE
F730,FALSE,FALSE,FALSE,FALSE,FALSE
F731,FALSE,FALSE,FALSE,FALSE,FALSE
F732,FALSE,FALSE,FALSE,FALSE,FALSE
F733,FALSE,FALSE,FALSE,FALSE,FALSE
F734,FALSE,FALSE,FALSE,FALSE,FALSE
F735,FALSE,FALSE,FALSE,FALSE,FALSE
F736,FALSE,FALSE,FALSE,FALSE,FALSE
F737,FALSE,FALSE,FALSE,FALSE,FALSE
F738,FALSE,FALSE,FALSE,FALSE,FALSE
F739,FALSE,FALSE,FALSE,FALSE,FALSE
F740,TRUE,FALSE,FALSE,FALSE,TRUE
F741,TRUE,FALSE,FALSE,FALSE,TRUE
F742,FALSE,FALSE,FALSE,FALSE,FALSE
F743,FALSE,FALSE,FALSE,FALSE,FALSE
F744,FALSE,FALSE,FALSE,FALSE,FALSE
F745,FALSE,FALSE,FALSE,FALSE,FALSE
F746,FALSE,FALSE,FALSE,FALSE,FALSE
F747,FALSE,FALSE,FALSE,FALSE,FALSE
F748,FALSE,FALSE,FALSE,FALSE,FALSE
F749,FALSE,FALSE,FALSE,FALSE,FALSE
F750,FALSE,FALSE,FALSE,FALSE,FALSE
F751,FALSE,FALSE,FALSE,FALSE,FALSE
F752,FALSE,FALSE,FALSE,FALSE,FALSE
F753,FALSE,FALSE,FALSE,FALSE,FALSE
F754,FALSE,FALSE,FALSE,FALSE,FALSE
F755,FALSE,FALSE,FALSE,FALSE,FALSE
F756,FALSE,FALSE,FALSE,FALSE,FALSE
F757,FALSE,FALSE,FALSE,FALSE,FALSE
F758,FALSE,FALSE,FALSE,FALSE,FALSE
F759,FALSE,FALSE,FALSE,FALSE,FALSE
F760,TRUE,FALSE,FALSE,FALSE,TRUE
F761,FALSE,FALSE,FALSE,FALSE,FALSE
F762,FALSE,FALSE,FALSE,FALSE,FALSE
F763,TRUE,FALSE,FALSE,FALSE,TRUE
F764,FALSE,FALSE,FALSE,FALSE,FALSE
F765,FALSE,FALSE,FALSE,FALSE,FALSE
F766,FALSE,FALSE,FALSE,FALSE,FALSE
F767,FALSE,FALSE,FALSE,FALSE,FALSE
F768,FALSE,FALSE,FALSE,FALSE,FALSE
F769,FALSE,FALSE,FALSE,FALSE,FALSE
F770,FALSE,FALSE,FALSE,FALSE,FALSE
F771,FALSE,FALSE,FALSE,FALSE,FALSE
F772,FALSE,FALSE,FALSE,FALSE,FALSE
F773,FALSE,FALSE,FALSE,FALSE,FALSE
F774,FALSE,FALSE,FALSE,FALSE,FALSE
F775,FALSE,FALSE,FALSE,FALSE,FALSE
F776,FALSE,FALSE,FALSE,FALSE,FALSE
F777,FALSE,TRUE,FALSE,FALSE,TRUE
F778,FALSE,FALSE,FALSE,FALSE,FALSE
F779,FALSE,FALSE,FALSE,FALSE,FALSE
F780,FALSE,FALSE,TRUE,FALSE,TRUE
F781,FALSE,FALSE,FALSE,FALSE,FALSE
F782,FALSE,FALSE,FALSE,FALSE,FALSE
F783,FALSE,FALSE,FALSE,FALSE,FALSE
F784,FALSE,FALSE,FALSE,FALSE,FALSE
F785,FALSE,FALSE,FALSE,FALSE,FALSE
F786,FALSE,FALSE,FALSE,FALSE,FALSE
F787,FALSE,FALSE,FALSE,FALSE,FALSE
F788,FALSE,FALSE,FALSE,FALSE,FALSE
F789,FALSE,FALSE,FALSE,FALSE,FALSE
F790,FALSE,FALSE,FALSE,FALSE,FALSE
F791,FALSE,FALSE,FALSE,FALSE,FALSE
F792,FALSE,FALSE,FALSE,FALSE,FALSE
F793,FALSE,FALSE,FALSE,FALSE,FALSE
F794,FALSE,FALSE,FALSE,FALSE,FALSE
F795,FALSE,FALSE,FALSE,FALSE,FALSE
F796,FALSE,FALSE,FALSE,FALSE,FALSE
F797,FALSE,FALSE,FALSE,FALSE,FALSE
F798,FALSE,FALSE,FALSE,FALSE,FALSE
F799,FALSE,FALSE,FALSE,FALSE,FALSE
